email | name | dep | n_cit | h_ind | n_pub
a.anandkumar@uci.edu | Anima Anandkumar |  | 1309 | 11 | 27
a.m.johansen@warwick.ac.uk | Adam Johansen |  | 0 | 0 | 0
aaron.courville@umontreal.ca | Aaron Courville | Université de Montréal | 23836 | 51 | 124
aartisingh@cmu.edu | Aarti Singh | Department of Machine Learning ,Carnegie Mellon University | 300 | 3 | 5
abbasiya@ualberta.ca | Yasin Abbasi-Yadkori |  | 15 | 1 | 1
abhinavg@cs.cmu.edu | Gupta Abhinav | The Robotics Institute School of Computer Science Carnegie Mellon University (CMU) | 13156 | 61 | 331
aburkitt@unimelb.edu.au | Anthony Burkitt | Department of Electrical and Electronic Engineering, The University of Melbourne | 76 | 4 | 9
aclozano@us.ibm.com | Aurelie Lozano |  | 10 | 1 | 1
acoates@cs.stanford.edu | Adam Coates | Apple | 10344 | 28 | 53
acollet@cs.cmu.edu | Alvaro Collet | The Robotics Institute, Carnegie Mellon University, Pittsburgh, PA | 1318 | 12 | 15
adam.woznica@unige.ch | Adam Woznica | University of Geneva|Computer Science Department|Rue General Dufour | 416 | 10 | 14
afarhadi@cs.cmu.edu | Ross B. Girshick | Facebook | 90000 | 60 | 89
afm@cs.cmu.edu | Andre Martins | Institute of Systems and Robotics|Department of Electrical and Computer Engineering|University of Coimbra | 32 | 3 | 13
agelfand@ics.uci.edu |  |  |  |  | 
agray@cc.gatech.edu | Alexander G. Gray | Computational Science and Engineering Division College of Computing, Georgia Institute of Technology | 2142 | 23 | 158
aharonbirn@gmail.com | Aharon Birnbaum |  | 26 | 2 | 2
airoldi@fas.harvard.edu | Edo Airoldi |  | 15 | 1 | 1
ajyu@ucsd.edu | Yu Angela | Nutritional Sciences and Toxicology Department, University of California Berkeley, Berkeley, CA 94720, USA. | 0 | 0 | 1
akapoor@microsoft.com | Ashish Kapoor | Adaptive Systems and Interaction Group Microsoft Research Redmond | 4204 | 33 | 108
akisato@ieee.org | Akisato Kimura |  | 778 | 16 | 73
akrizhevsky@gmail.com | Alex Krizhevsky | Google | 44147 | 10 | 15
alain.rakoto@insa-rouen.fr | Alain Rakotomamonjy | LITIS EA 4108    UFR Sciences, Dept Physics University of Rouen | 4576 | 30 | 140
alanqi@cs.purdue.edu | Alan Qi | Dept. Computer Science, Purdue University, West Lafayette, IN | 175 | 4 | 4
alekh@cs.berkeley.edu | Alekh Agarwal | Microsoft Research, New York | 3993 | 30 | 87
alessandro.lazaric@gmail.com | Alessandro Lazaric | INRIA | 1498 | 24 | 88
alex@smola.org | Alex J. Smola | Department of Machine Learning ,Carnegie Mellon University | 85490 | 104 | 280
alexandra.carpentier@inria.fr | Alexandra Carpentier | INRIA Lille-Nord Europe, Team SequeL, France | 43 | 3 | 3
alexandre.daspremont@m4x.org | Alexandre D'Aspremont | Department of Operations Research and Financial Engineering,
Bendheim Center for Finance, | 3519 | 19 | 42
alexnic@gmail.com | Alexandru Niculescu-Mizil | NEC Laboratories America | 4602 | 19 | 32
aliensunmin@gmail.com | Min Sun |  | 26225 | 87 | 241
alongnn@cs.huji.ac.il | Alon Gonen | The Hebrew University of Jerusalem | 196 | 6 | 10
altun@tti-c.org | Yasemin Altun | Toyota Technological Institute at Chicago 
University of Chicago Press Bldg | 5732 | 23 | 60
amahmed@cs.cmu.edu | Amr Ahmed | Google | 5321 | 33 | 81
ambuj@cs.utexas.edu | Ambuj Tewari | University of Michigan | 4760 | 39 | 117
ameet@cs.berkeley.edu | Ameet Talwalkar | Computer Science Department University of California, Los Angeles | 4223 | 23 | 39
amink@cs.duke.edu | Alexander J. Hartemink | Duke University | 7741 | 39 | 100
amirf@ualberta.ca | Amir Massoud Farahmand | Mitsubishi Electric Research Laboratories (MERL) | 597 | 13 | 27
amit.daniely@mail.huji.ac.il | Amit Daniely | Department of Mathematics  The Hebrew University of Jerusalem | 286 | 9 | 14
amnih@cs.toronto.edu | Andriy Mnih | Google DeepMind | 11338 | 17 | 33
andre.salles.barreto@gmail.com | Andre Barreto | Departamento de Bioquı́mica Médica, Instituto de Ciências Biomédicas, Centro Nacional de Ressonância Magnética Nuclear de Macromoléculas Universidade Federal do Rio de Janeiro, Rio de Janeiro RJ, 21941-590, Brazil | 74 | 2 | 3
andreas.ziehe@tu-berlin.de | Andreas Ziehe | University of Potsdam | 3619 | 27 | 54
andrewjlroth@gmail.com | Andrew Roth |  | 314 | 5 | 11
andrewsenior@google.com | Andrew Senior | SUNY Purchase | 26193 | 63 | 157
ankans@cs.uchicago.edu | Ankan Saha | Department of Computer Science University of Chicago | 353 | 8 | 15
anna.goldenberg@utoronto.ca | Zhuowen Tu | Department of Cognitive Science Division of Social Sciences University of California | 20850 | 67 | 220
anshul@kundaje.net | Kundaje Anshul |  | 6999 | 19 | 24
antoine.bordes@utc.fr | Antoine Bordes | Facebook | 11406 | 29 | 60
antti.honkela@hiit.fi | Antti Honkela | Helsinki University of Technology|Neural Networks Research Centre | 1710 | 20 | 83
aquattoni@lsi.upc.edu | Ariadna Quattoni | LARCA Research Group, Dept. LSI, UPC | 4139 | 17 | 44
argyriou@ttic.edu | Andreas Argyriou | Ecole Centrale Paris | 3354 | 13 | 22
armand.joulin@ens.fr | Armand Joulin | Stanford University | 2577 | 16 | 22
arras@informatik.uni-freiburg.de | Kai Arras |  | 12 | 1 | 1
arthur.gretton@gmail.com | Arthur Gretton | University College London | 11751 | 50 | 164
asarwate@ttic.edu | Anand D. Sarwate | Department of Electrical and Computer Engineering Rutgers, e State University of New Jersey | 2415 | 17 | 91
asaxena@cs.cornell.edu | Ashutosh Saxena | Stanford University | 11287 | 48 | 263
aschwing@inf.ethz.ch | Alex Schwing | Shell Global Solutions International B.V., 2288 GS Rijswijk, The Netherlands; | 227 | 1 | 1
aselag@microsoft.com | Asela Gunawardana | Microsoft Research | 3634 | 24 | 60
asli.ca@live.com | Asli Celikyilmaz | University of California, Berkeley | 392 | 8 | 26
astocker@sas.upenn.edu | Alan Stocker | University of Pennsylvania | 234 | 6 | 10
asubram@google.com | Amar Subramanya | Microsoft Research | 141 | 2 | 3
asuncion@uci.edu | Arthur Asuncion | Center for Machine Learning and Intelligent Systems, Information & Computer Science, University of California, Irvine | 2886 | 16 | 28
aychoi@cs.ucla.edu | Arthur Choi | Computer Science Department University of California | 669 | 16 | 32
az@robots.ox.ac.uk | Andrew Zisserman | University of Oxford | 221782 | 149 | 586
balaji.krishnapuram@gmail.com | Krishnapuram Balaji |  | 14 | 2 | 3
balazs.kegl@gmail.com | Balazs Kegl | Laboratoire de l'Accélérateur Linéaire
Université Paris-Sud 11 | 2659 | 21 | 62
bangpeng@cs.stanford.edu | Bangpeng Yao | Stanford University | 2381 | 15 | 30
baolshausen@berkeley.edu | Bruno  Olshausen | UC Berkeley EECS | 16796 | 40 | 120
bapoczos@cs.cmu.edu | Barnabas Poczos | Carnegie Mellon University | 1778 | 23 | 76
bartosz.krawczyk@pwr.wroc.pl | Bartosz Krawczyk | Department of Systems and Computer Networks, Wroclaw University of Technology, Wroclaw, Poland | 1316 | 20 | 132
bbai@nec-labs.com | Bing Bai | School of Civil Engineering,Beijing Jiaotong University,Beijing ,China | 536 | 13 | 66
bbkirk@cs.ubc.ca | Bonnie Kirkpatrick | University of British Columbia, Canada | 0 | 0 | 1
bbu20@cam.ac.uk | Balazs Ujfalussy |  | 576 | 10 | 70
bcaputo@idiap.ch | Barbara Caputo | Department of Computer, Control and Management Engineering Sapienza Rome University | 7886 | 41 | 127
bcr@cs.washington.edu | Bryan Russell |  | 0 | 0 | 1
beb@cs.cmu.edu | Byron Boots | College of Computing School of Interactive Computing | 693 | 11 | 20
bengio@google.com | Samy Bengio | Google Inc | 28650 | 78 | 389
bennek@rpi.edu | Kristin Bennett | Department of Mathematical Sciences
  Rensselaer Polytechnic Institute | 774 | 8 | 8
beygel@us.ibm.com | Alina Beygelzimer | Yahoo! Research | 2870 | 21 | 74
bharathsv.ucsd@gmail.com | Bharath K. Sriperumbudur | University of California, San Diego, CA | 2321 | 25 | 59
billf@mit.edu | William T. Freeman | Dept. of Electrical Engineering and Computer Science,Massachusetts Institute of Technology | 67605 | 107 | 483
bischof@icg.tugraz.at | Horst Bischof | Institute for Computer Graphics and Vision
Technical University Graz | 33637 | 80 | 667
bjoern.andres@iwr.uni-heidelberg.de | Bjoern Andres | HCI University of Heidelberg, Germany | 543 | 7 | 9
bkveton@yahoo.com | Branislav Kveton | Adobe Research | 1247 | 21 | 76
blaine.nelson@wsii.uni-tuebingen.de | Blaine Nelson | University of Potsdam | 1789 | 22 | 41
blei@cs.princeton.edu | David M. Blei | Departments of Statistics and Computer Science,Columbia University | 97983 | 79 | 266
blitzer@google.com | John Blitzer | Google | 8413 | 24 | 36
bmcfee@cs.ucsd.edu | Brian Mcfee | Center for Data Science New York University | 1418 | 16 | 28
bo.long@gmail.com | Bo Long | Particle Media, Inc. | 1473 | 17 | 30
bob.williamson@anu.edu.au | Robert Williamson | Research School of Information Sciences and Engineering, Australian National University | 10947 | 35 | 126
bogdan.savchynskyy@gmail.com | Bogdan Savchynskyy | Heidelberg University, IWR / HCI, Heidelberg, Germany | 559 | 11 | 20
bouchard@stat.ubc.ca | Alexandre Bouchard-Cote | University of British Columbia | 94 | 5 | 16
bowling@cs.ualberta.ca | Bowling Michael | Department of Computing Science, University of Alberta, Edmonton, Alberta T6G 2E8, Canada. bowling@cs.ualberta.ca. | 0 | 0 | 1
brefeld@uni-bonn.de | Ulf Brefeld | University of Lüneburg | 2091 | 21 | 72
brian.kulis@gmail.com | Brian Kulis | Boston University | 12221 | 32 | 61
burgard@informatik.uni-freiburg.de | Wolfram Burgard | University of Freiburg | 60239 | 104 | 655
byronyu@cmu.edu | Byron Yu | Department of  Electrical & Computer Engineering,Carnegie Mellon University | 3639 | 24 | 75
c.blundell@gatsby.ucl.ac.uk | Charles Blundell | Neuroscience Unit | 292 | 7 | 8
c.cadieu@gmail.com | Charles Cadieu | Center for Biological and Computational Learning, McGovern Institute for Brain Research, Computer Science and Artificial Intelligence Laboratory, Brain and Cognitive Sciences Department, Massachusetts Institute of Technology, 43 Vassar Street #46-5155B, Cambridge, MA 02139, USA | 774 | 5 | 9
c.campbell@bristol.ac.uk | Colin Campbell | Department of Engineering|University of Bristol | 2271 | 17 | 38
camerer@hss.caltech.edu | Colin F. Camerer | California Institute of Technology | 37631 | 67 | 283
cappe@enst.fr | Olivier Cappé | DI ENS Lab | 13748 | 40 | 97
caramanis@mail.utexas.edu | Constantine Caramanis | The University of Texas at Austin | 5732 | 30 | 140
carlos.alzate@esat.kuleuven.be | Carlos Alzate | Katholieke Universiteit Leuven, Leuven | 975 | 14 | 27
cburges@microsoft.com |  |  |  |  | 
cdyoo@ee.kaist.ac.kr | Chang D. Yoo | Department of Electrical Engineering, Korea Advanced Institute of Science and Technology, Daejeon, Korea | 1177 | 18 | 101
cedric.archambeau@xrce.xerox.com | Cedric Archambeau | Centre for Computational Statistics and Machine Learning
Department of Computer Science 
University College London | 311 | 7 | 24
celiu@microsoft.com | Ce Liu | Google | 5709 | 21 | 34
cga@cmu.edu | Chris Atkeson | Carnegie Mellon University | 228 | 6 | 12
chengsoon.ong@unimelb.edu.au | Andreas Krause | ETH Zurich | 15219 | 61 | 161
chenmm24@gmail.com | Minmin Chen | Criteo Lab | 1236 | 13 | 23
chester1248@yahoo.com | Dennis Decoste | Stealth mode startup | 2578 | 21 | 37
chiru@csa.iisc.ernet.in | Chiranjib Bhattacharyya | Indian Institute of Science | 1644 | 16 | 105
chklovskiid@janelia.hhmi.org | Dmitri Chklovskii | Howard Hughes Medical Institute | 237 | 2 | 9
chl@ist.ac.at | Lampert Christoph |  | 0 | 0 | 1
chongw@cs.princeton.edu | Wang Chong |  | 0 | 0 | 1
chqding@uta.edu | Chris Ding | Department of Computer Science and Engineering， University of Texas at Arlington | 27730 | 66 | 300
chris.mesterharm@gmail.com | Chris Mesterharm | Department of Computer and Information Science
Fordham University
 | 95 | 5 | 10
christoph.lippert@tuebingen.mpg.de | Christoph Lippert |  | 1077 | 13 | 21
christos.boutsidis@gmail.com | Christos Boutsidis | Goldman Sachs | 1820 | 22 | 57
chrisw@cs.rhul.ac.uk | Chris Watkins | Department of Computer Science,  Royal Holloway University of London | 1845 | 6 | 8
chu.wei@microsoft.com | Wei Chu | Microsoft Bing | 5494 | 30 | 60
chunnam@cs.ualberta.ca | Chun-Nam Yu | Cornell University, Ithaca, NY | 178 | 3 | 5
cjhsieh@cs.utexas.edu | Cho-Jui Hsieh | Department of Computer Science University of California, Los Angeles | 12224 | 40 | 130
clayscot@umich.edu | Clayton Scott | Electrical Engineering and Computer Science and Statistics (courtesy appointment) University of Michigan | 817 | 12 | 33
clemenco@telecom-paristech.fr | Stéphan Clémençon |  | 842 | 14 | 83
clement.farabet@gmail.com | Clement Farabet | Courant Institute of Mathematical Sciences|New York University | 2808 | 7 | 10
cleslie@cbio.mskcc.org | Christina Leslie | the Center for Computational Learning Systems | 6348 | 31 | 66
cmontel@gwu.edu | Claire Monteleoni | Computer Science, George Washington University | 1343 | 11 | 25
coates@ece.mcgill.ca | Mark Coates | McGill University, Montreal, Quebec, Canada | 930 | 11 | 26
cordelia.schmid@inria.fr | Cordelia Schmid | INRIA | 100183 | 110 | 354
craven@biostat.wisc.edu | Mark Craven | Department of Biostatistics and Medical Informatics  University of Wisconsin | 7985 | 36 | 91
cristian.sminchisescu@ins.uni-bonn.de | Cristian Sminchisescu | Department of Mathematics, Faculty of Engineering at Lund University | 8477 | 45 | 141
cs664@cam.ac.uk | Cristina Savin | Institute of Science and Technology (IST) Austria | 233 | 6 | 18
cshalizi@cmu.edu | Cosma Shalizi | Statistics Department|Carnegie Mellon University | 128 | 4 | 32
d.silver@cs.ucl.ac.uk | David Silver | Google DeepMind | 18410 | 42 | 65
dacheng.tao@uts.edu.au | Dacheng Tao | University of Technology Sydney | 37803 | 100 | 1001
daf@uiuc.edu | David Forsyth | Photonics Technology Centre, Faculty of Electrical Engineering, Universiti Teknologi Malaysia, 81310 Skudai, Johor Bahru, Johor Darul Ta’zim, Malaysia | 21 | 2 | 5
daichi@ism.ac.jp | Daichi Mochihashi | ATR Spoken Language Communication Research Laboratories | 465 | 10 | 36
dak33@cam.ac.uk | David M. Knowles | Department of Materials Science & Metallurgy, Pembroke St., University of Cambridge, Cambridge, CB2 3QZ, UK | 3 | 1 | 3
dalalyan@imagine.enpc.fr | Arnak Dalalyan | IMAGINE, LIGM, Université Paris-Est | 591 | 12 | 30
dale@cs.ualberta.ca | Dale Schuurmans | Department of Computing Science
University of Alberta | 7456 | 46 | 228
daniel.cremers@in.tum.de | Daniel Cremers | Technische Universität München | 20011 | 70 | 172
danielhsu@gmail.com | Daniel Hsu | Columbia University | 1506 | 10 | 17
danielzoran@gmail.com | Daniel Zoran | Google DeepMind | 928 | 5 | 5
daniil.ryabko@inria.fr | Daniil Ryabko | INRIA, Lille, France. | 650 | 16 | 96
danushka.bollegala@gmail.com | Danushka Bollegala | Department of Computer Science, The University of Liverpool | 2794 | 28 | 120
david.braun@ed.ac.uk | David Braun | University of Rochester Department of Philosophy Rochester NY 14627-0078 USA Rochester NY 14627-0078 USA | 126 | 3 | 5
david.mimno@gmail.com | David Mimno | Cornell University | 4015 | 19 | 32
david@grangier.info | David Grangier | Facebook | 1200 | 12 | 31
davidson@cs.ucdavis.edu | Ian Davidson | Department of Computer Science, University of California Davis | 4390 | 38 | 87
dbatra@ttic.edu | Dhruv Batra | Georgia Tech and Facebook AI Research | 2121 | 22 | 59
deng@microsoft.com | Li Deng | Citadel | 28646 | 57 | 97
dengcai@gmail.com | Thomas S. Huang | University of Illinois, Urbana-Champaign | 106065 | 144 | 1212
dengyong.zhou@microsoft.com | Dengyong Zhou | Google Brain | 11132 | 33 | 88
dernst@ulg.ac.be | Damien Ernst | University of Liège | 2707 | 17 | 62
desa@cogsci.ucsd.edu |  |  |  |  | 
devavrat@mit.edu | Devavrat Shah | Department of EECS 
Laboratory for Information and Decision Systems (lids)
Operations Research Center (orc) | 14052 | 57 | 298
dhoiem@cs.uiuc.edu | Derek Hoiem | Computer Science at University of Illinois | 13020 | 41 | 83
dietz@cs.umass.edu | Laura Dietz | Universität Mannheim | 579 | 8 | 19
dilip@cs.nyu.edu | Dilip Krishnan | Google | 1819 | 8 | 12
dipanjan@cs.cmu.edu | Dipanjan Das | Google  AI  Carnegie Mellon University, Pittsburgh, PA | 6169 | 30 | 57
dlizotte@uwaterloo.ca | Dan Lizotte | Computer Science | Epidemiology & Biostatistics,University of Western Ontario | 16 | 2 | 3
dmunoz@andrew.cmu.edu | Daniel Munoz | Uber Advanced Technologies Center | 1061 | 10 | 13
dominik.janzing@tuebingen.mpg.de | Dominik Janzing | Institut fur Algorithmen und Kognitive Systeme|Universitat Karlsruhe | 3191 | 29 | 156
doucet@stats.ox.ac.uk | Arnaud Doucet | Department of Statistics  Oxford University | 49111 | 66 | 355
dpal@cs.ualberta.ca | Pal David |  | 0 | 0 | 1
dparikh@ttic.edu | Devi Parikh | Facebook | 9920 | 46 | 148
dprecup@cs.mcgill.ca | Doina Precup | School of Computer Science  McGill University | 7339 | 40 | 244
dramanan@ics.uci.edu | Deva Ramanan | Department of Computer Science 
University of California at Irvine | 28222 | 55 | 118
drinep@cs.rpi.edu | Petros Drineas | Computer Science Department Purdue University | 7941 | 44 | 136
drpng@google.com | Patrick Nguyen |  | 4854 | 36 | 94
ds24@inf.tu-dresden.de | Dmitrij Schlesinger | Dresden University of Technology | 243 | 7 | 14
dsontag@cs.nyu.edu | David Sontag | Department of Computer Science  Courant Institute of Mathematical Sciences New York University | 3060 | 22 | 43
dtarlow@cs.toronto.edu |  |  |  |  | 
dumitru.erhan@gmail.com | Dumitru Erhan | Google | 19018 | 21 | 34
dunson@stat.duke.edu | David B. Dunson | Department of Statistical Science ， Duke University | 18396 | 64 | 431
dyyeung@cse.ust.hk | Dit-Yan Yeung | Department of Computer Science and Engineering , The Hong Kong University of Science and Technology | 14267 | 57 | 235
ebfox@wharton.upenn.edu | Emily Fox | ICRF Health Behaviour Unit, Department of Epidemiology and Public Health, University College London, 2-16 Torrington Place, London WC1E 6BT, UK | 601 | 4 | 10
edoi@salk.edu | Eizaburo Doi | Laboratory for Computational Vision,
Center for Neural Science, New York University | 245 | 7 | 17
ehazan@ie.technion.ac.il | Elad Hazan | Department of Computer Science, Princeton University | 8269 | 39 | 134
eiji@inf.kyushu-u.ac.jp | Eiji Takimoto | Department of Informatics, Kyushu University, | 278 | 11 | 83
elghaoui@berkeley.edu | Laurent El Ghaoui | UC Berkeley Berkeley Engineering | 39501 | 43 | 156
elkan@cs.ucsd.edu | Charles Elkan | Department of Computer Science and Engineering,University of California,San Diego | 23751 | 51 | 168
eludvig@princeton.edu | Elliot Ludvig |  | 5 | 1 | 1
epxing@cs.cmu.edu | Eric Poe Xing（Bo Xing） | Language Technologies Institute,Carnegie Mellon University | 27499 | 76 | 489
eric.gaussier@imag.fr | Eric Gaussier | Xerox Research Centre Europe, Meylan, France | 3111 | 28 | 99
erik.talvitie@fandm.edu | Erik Talvitie | Franklin & Marshall College | 92 | 5 | 7
evul@ucsd.edu | Ed Vul | Brain and Cognitive Science Department, MIT, , USA | 182 | 4 | 4
eyke@mathematik.uni-marburg.de | Eyke Huellermeier |  | 15 | 1 | 4
fabee@epagoge.de | Fabian Sinz | MPI for Biological Cybernetics | 751 | 8 | 15
fabrice.rossi@univ-paris1.fr | Fabrice Rossi | Université Paris 1 Panthéon-Sorbonne | 2544 | 25 | 211
feisha@usc.edu | Fei Sha | Department of Computer Science University of Southern California | 9682 | 44 | 185
felix.biessmann@tu-berlin.de | Biessmann Felix | Department of Machine Learning, Berlin Institute of Technology, Berlin 10587, Germany. | 95 | 1 | 1
fergus@cs.nyu.edu | Rob Fergus | New York University | 44432 | 60 | 101
fernando@tsc.uc3m.es | Fernando Perez-Cruz |  | 1291 | 19 | 59
filip.korc@ist.ac.at | Filip Korc | Department of Photogrammetry|Institute of Geodesy and Geoinformation|University of Bonn | 46 | 2 | 5
fiser@brandeis.edu | Jozsef Fiser | Center for Visual Science|Department of Brain and Cognitive Sciences|University of Rochester | 720 | 4 | 18
flachbor@cmp.felk.cvut.cz | Boris Flach | Faculty of Electrical Engineering,Czech Technical University | 238 | 7 | 24
florence.dalche@ibisc.fr | Florence D'Alche-Buc | Electronique et Informatique|Universite de Liege | 20 | 1 | 3
florent.perronnin@xrce.xerox.com | Florent Perronnin | Naver Labs Europe | 14457 | 49 | 162
flw@berkeley.edu | Fabian L. Wauthier | University of Oxford | 243 | 5 | 9
fmelo@inesc-id.pt | Francisco Melo | Departamento de F ´ õsica and Center for Advanced Interdisciplinary Research in Materials ( CIMAT )|Universidad de Santiago de Chile | 238 | 5 | 5
fowlkes@ics.uci.edu | Charless C. Fowlkes | University of California, Irvine | 22215 | 45 | 121
francesco.dinuzzo@gmail.com | Francesco Dinuzzo | Department of Informatics and Systems, University of Pavia, Pavia, Italy | 823 | 12 | 24
francis.bach@inria.fr | Francis Bach | INRIA -Ecole Normale Superieure | 35456 | 76 | 219
francois.fleuret@idiap.ch | Francois Fleuret | Idiap Research Institute | 2558 | 12 | 20
frank.meinecke@tu-berlin.de | Frank Meinecke | Fraunhofer FIRST.IDA, Kekuléstrasse 7, 12489 Berlin, Germany | 282 | 5 | 5
frederic.jurie@unicaen.fr | Frederic Jurie | French University of Caen (GREYC - CNRS UMR6072) | 3200 | 16 | 37
fsommer@berkeley.edu | Fritz Sommer |  | 26 | 3 | 10
fukumizu@ism.ac.jp | Kenji Fukumizu | The Institute of Statistical Mathematics | 5013 | 34 | 97
g.goodhill@uq.edu.au | Geoffrey Goodhill |  | 11 | 1 | 2
gal@ai.stanford.edu |  |  |  |  | 
gamir@cs.huji.ac.il | Amir Globerson | Tel Aviv University | 1227 | 14 | 26
gang@sg.cs.titech.ac.jp | Gang Niu | Laboratory For Molecular Imaging & Nanomedicine | 7989 | 48 | 425
gcc@cmp.uea.ac.uk | Gavin Cawley | SYS Consulting Limited
University Plain | 420 | 7 | 11
gcorrado@google.com | Greg Corrado | Google Inc | 29769 | 16 | 23
gdk@csail.mit.edu | George Konidaris | Brown University | 2699 | 26 | 98
geethakee@yahoo.com | S. Sathiya Keerthi | Microsoft Corporation | 15370 | 42 | 137
geiger@kit.edu | Andreas Geiger | University of Tübingen | 5993 | 28 | 46
gert@ece.ucsd.edu | Gert  Lanckriet | Department of Electrical and Computer Engineering,University of California,San Diego | 16530 | 50 | 153
gert@ucsd.edu | Gert Cauwenberghs | University of California, San Diego | 5647 | 40 | 286
ggordon@cs.cmu.edu | Geoff Gordon | Machine Learning Department,Carnegie Mellon | 1744 | 12 | 32
gideon@mta.ac.il | Gideon Dror | School of Computer Sciences Tel-Aviv-Yaffo Academic College | 5195 | 34 | 75
gilles.gasso@insa-rouen.fr | Gilles Gasso | INSA / Universite de Rouen | 482 | 8 | 25
girolami@dcs.gla.ac.uk | Mark Girolami |  | 55 | 3 | 4
glan@ise.ufl.edu | Guanghui Lan | Department of Industrial and Systems Engineering, University of Florida, Gainesville, FL 32611, USA | 1051 | 11 | 23
gmann@google.com | Gideon Mann |  | 471 | 5 | 18
gmravi2003@gatech.edu | Ravi Ganti |  | 1 | 1 | 2
goldbej@eng.biu.ac.il | Jacob Goldberger | School of Engineering Bar-Ilan University | 5739 | 37 | 184
goodidea@jp.ibm.com | Tsuyoshi Ide | IBM Research,Tokyo Research Lab | 54 | 4 | 9
gpapan@stat.ucla.edu | George Papandreou | Toyota Technological Institute at Chicago | 703 | 13 | 32
grauman@cs.utexas.edu | Kristen Grauman | INRIA | 17561 | 72 | 184
gregoire@montavon.name |  |  |  |  | 
gregory@ttic.edu | Greg Shakhnarovich | Toyota Technological Institute at Chicago | 547 | 3 | 8
gsanguin@inf.ed.ac.uk | Guido Sanguinetti | School of Informatics,University of Edinburgh | 2550 | 33 | 139
gschweik@staffmail.ed.ac.uk | Gabriele Schweikert | Friedrich Miescher Laboratory of the Max Planck Society, Tübingen, Germany|Max Planck Institute for Developmental Biology, Tübingen, Germany|Max Planck Institute for Biological Cybernetics, Tübingen, Germany | 412 | 5 | 8
guillaume.bouchard@xrce.xerox.com | Guillaume Bouchard | University College London (UCL) | 480 | 8 | 34
guillaume.obozinski@ens.fr | Guillaume Obozinski | Ecole des Ponts - ParisTech | 5107 | 25 | 45
gupta@ee.washington.edu | Gupta Maya | Queen's University, Kingston, ON, Canada. | 6 | 1 | 1
gwtaylor@cs.nyu.edu | Graham Taylor | New York University, USA | 0 | 0 | 1
haffner@research.att.com | Patrick Haffner | Universite de Montreal | 18437 | 32 | 105
haimonti@ccls.columbia.edu | Haimonti Dutta | Department of Management Science and Systems (MSS), School of Management, University at Buffalo | 783 | 14 | 45
hal@umiacs.umd.edu | Hal Daumé III | University of Maryland | 13300 | 48 | 189
hanghang.tong@gmail.com | Hanghang Tong | School of Computing, Informatics and Decision Systems Engineering,Arizona State University | 8441 | 44 | 245
hangli65@hotmail.com | Hang Li | Bytedance Technology | 16614 | 63 | 275
hanliu@cs.jhu.edu | Han Liu | Department of Computer Science, Johns Hopkins University, Baltimore, MD and Department of Biostatistics | 113 | 1 | 1
hansen@fhi-berlin.de | Katja Hansen | Technical University of Berlin, Chair for Machine Learning, Franklinstr. 28/29, 10587 Berlin, Germany | 42 | 2 | 6
hasselmo@bu.edu | Mike Hasselmo | Department of Electrical and Computer Engineering, University of Missouri, Rolla, USA | 0 | 0 | 1
hatano@inf.kyushu-u.ac.jp | Kohei Hatano | Department of Informatics
Graduate School of Information Science and Electrical Engineering
Kyushu University | 134 | 6 | 55
hays@cs.brown.edu | James Hays | School of Interactive Computing, College of Computing, Georgia Institute of Technology | 11622 | 32 | 69
hein@cs.uni-sb.de | Matthias Hein | Saarland University | 1248 | 16 | 24
hema@cs.cornell.edu | Hema Swetha Koppula | Cornell University | 2247 | 13 | 20
hero@eecs.umich.edu | Alfred Hero | Departments of EECS, BME and Statistics, University of Michigan, Ann Arbor, U.S.A. | 0 | 0 | 0
hideitsu.hino@gmail.com | Hideitsu Hino |  | 234 | 7 | 74
hlavac@fel.cvut.cz | Vaclav Hlavac | Czech Technical University in Prague | 26448 | 13 | 71
honglak@eecs.umich.edu | Honglak Lee | University of Michigan | 22500 | 59 | 114
hpg@nec-labs.com | Hans Peter Graf | NEC Laboratories America, Inc., Princeton, NJ, USA | 4329 | 34 | 102
htattias@gmail.com | Hagai Attias | HBXI | 2522 | 22 | 98
hugo.larochelle@usherbrooke.ca | Hugo Larochelle | Google | 19204 | 35 | 85
i.murray@ed.ac.uk | Iain Murray | School of Informatics,University of Edinburgh | 1286 | 8 | 17
igel@diku.dk | Christian Igel | Department of Computer Science,
University of Copenhagen | 4109 | 29 | 71
ihler@ics.uci.edu | Alex Ihler |  | 22 | 1 | 2
ilya@cs.toronto.edu | Ilya Sutskever | OpenAI | 99332 | 38 | 61
ioannis@google.com | Ioannis Tsochantaridis | Google | 6066 | 9 | 13
isbell@cc.gatech.edu | Charles Isbell | Georgia Institute of Technology | 738 | 9 | 17
isseis@gmail.com | Issei Sato | The University of Tokyo | 292 | 9 | 30
ivan.laptev@inria.fr | Ivan Laptev | INRIA Paris - Rocquencourt | 29515 | 58 | 159
ivortsang@ntu.edu.sg | Ivor W. Tsang | University of Technology Sydney | 13592 | 55 | 242
j.e.griffin-28@kent.ac.uk | Jim Griffin | Southwest Florida Water Management District|Parsons Engineering Science , Inc|Bushwood Park Dr | 72 | 2 | 7
j.gasthaus@gatsby.ucl.ac.uk | Jan Gasthaus | Amazon | 240 | 5 | 6
j.jagdeesh@gmail.com | Jagadeesh Jagarlamudi | University of Maryland, College Park | 784 | 13 | 34
j.jnwright@gmail.com | John Wright | Department of Electrical Engineering,Columbia University | 34337 | 45 | 92
j.mooij@cs.ru.nl | Mooij Joris |  | 7 | 1 | 1
j.shawe-taylor@cs.ucl.ac.uk | John Shawe-Taylor | University College London,Dept. of Computer Science | 52499 | 64 | 415
j@me.net.nz |  |  |  |  | 
jaeger@cs.aau.dk | Manfred Jaeger | Aalborg University | 533 | 12 | 40
jaggi@inf.ethz.ch | Martin Jaggi | Ecole Polytechnique Federale de Lausanne | 1483 | 12 | 19
jakob.verbeek@inria.fr | Jakob Verbeek | INRIA Grenoble, France | 10171 | 43 | 140
jakob@gatsby.ucl.ac.uk | Jakob Macke | Max Planck Institute for Biological Cybernetics, 72076 Tuebingen, Germany | 120 | 4 | 10
james.scott@mccombs.utexas.edu | Scott James G | Red McCombs School of Business and Division of Statistics and Scientific Computation, University of Texas at Austin, Austin, TX. | 0 | 0 | 1
jamesk@cse.ust.hk | James T. Kwok | Hong Kong University of Science and Technology | 18869 | 70 | 269
jascha@berkeley.edu | Jascha Sohl-Dickstein |  | 959 | 15 | 45
jbg@umiacs.umd.edu | Jordan L. Boyd-Graber | Computer Science Department,University of Maryland | 4470 | 28 | 77
jbt@mit.edu | Tenenbaum Josh |  | 28 | 1 | 1
jbuhmann@inf.ethz.ch | Joachim M. Buhmann | Dep. of Computer Science, ETH Zurich | 18075 | 64 | 334
jc@cs.york.ac.uk | James Cussens | University of York | 1125 | 17 | 88
jdavis@cs.wisc.edu | Jesse Davis | Dept. of Computer Science,Katholieke Universiteit Leuven | 3324 | 16 | 36
jduchi@cs.berkeley.edu | John C. Duchi | Stanford University | 8005 | 32 | 79
jdy@ece.neu.edu | Jennifer G. Dy | Department of Electrical and Computer Engineering,Northeastern University | 4691 | 29 | 128
jean-marc.odobez@idiap.ch | Jean-Marc Odobez | IDIAP Research Institute | 4852 | 38 | 202
jean-philippe.vert@mines.org | Jean-Philippe Vert | Mines ParisTech - Curie Institute  | 10054 | 51 | 144
jeff.schneider@cs.cmu.edu | Jeff Schneider | Department of  Electrical & Computer Engineering,Carnegie Mellon University | 3093 | 31 | 102
jelder@yorku.ca | James H. Elder | Department of Electrical Engineering & Computer Science ; Department of Psychology, York University | 4339 | 21 | 97
jeremy.jancsary@ofai.at | Jeremy Jancsary |  | 297 | 8 | 19
jerryzhu@cs.wisc.edu |  |  |  |  | 
jhham@seas.upenn.edu | Jihun Hamm |  | 884 | 11 | 22
jhoey@cs.uwaterloo.ca | Jesse Hoey | David R. Cheriton School of Computer Science, University of Waterloo | 4144 | 30 | 86
jiadeng@cs.stanford.edu | Jia Deng | Artificial Intelligence Lab Computer Science and Engineering University of Michigan | 48842 | 36 | 112
jieping.ye@asu.edu | Jieping Ye | Didi Chuxing & University of Michigan | 18213 | 75 | 323
jieqchen@mcs.anl.gov | Jieqiu Chen | Department of Management Sciences, University of Iowa, Iowa City, IA, USA | 85 | 3 | 4
jinbo_bi@yahoo.com | Jinbo Bi | Department of Computer Science & Engineering School of Engineering  University of Connecticut | 3733 | 26 | 124
jingrui.he@gmail.com | Jingrui He | Arizona State Unversity | 2135 | 21 | 109
jl@imm.dtu.dk | Jan Larsen | Site Technical University of Denmark
Intelligent Signal Processing Group, IMM | 1288 | 20 | 47
jmartens@cs.toronto.edu | Martens James |  | 3 | 1 | 1
jmwang@graphics.stanford.edu | Jack M. Wang | Stanford University | 1782 | 9 | 10
joeraii@cs.utexas.edu | Joseph Reisinger | Premise | 831 | 13 | 20
johan.suykens@esat.kuleuven.be | Johan A.K. Suykens | Katholieke Universiteit Leuven 
 Department of Electrical Engineering | 767 | 10 | 10
jon@mcauliffe.com | Jon McAuliffe |  | 9 | 1 | 1
jonchang@fb.com | Jonathan Chang | Facebook | 1581 | 8 | 11
jordan.frank@cs.mcgill.ca | Jordan Frank | McGill University, Montreal, PQ, Canada | 234 | 5 | 10
josef.sivic@ens.fr | Josef Sivic | INRIA - Willow Project Département d'Informatique de l'Ecole Normale Supérieure | 28069 | 55 | 109
joseph.austerweil@gmail.com | Joseph Austerweil | Brown University Providence, RI | 187 | 4 | 4
jpaiement@research.att.com | Jean-Francois Paiement | Idiap Research Institute, Centre du Parc, Martigny, Switzerland,Google, Mountain View, CA, USA | 98 | 3 | 6
jpaisley@berkeley.edu | John Paisley | Columbia University | 2929 | 18 | 31
jplatt@microsoft.com | Platt John |  | 0 | 0 | 1
jstokes@microsoft.com | Jay Stokes |  | 0 | 0 | 1
juergen.gall@tue.mpg.de | Juergen Gall | University of Bonn | 7711 | 44 | 113
juffi@ke.informatik.tu-darmstadt.de | Johannes Fuernkranz |  | 2 | 1 | 1
juho.rousu@aalto.fi | Juho Rousu | Aalto University | 1924 | 21 | 108
julian.mcauley@gmail.com | Rong Jin | Alibaba Group | 15158 | 63 | 266
julien.chiquet@genopole.cnrs.fr | Julien Chiquet | Laboratoire Statistique et G | 308 | 9 | 11
julien.mairal@m4x.org | Julien Mairal | INRIA | 16844 | 38 | 92
jun@cs.tsukuba.ac.jp | Jun Sakuma | University of Tsukuba, Tsukuba, Japan | 9 | 1 | 1
jun-liu@siemens.com | Jun Liu | SPKLSTN Lab, Department of Computer Science, Xi'an Jiaotong University, Xi'an, China | 31029 | 78 | 547
junmingy@cs.cmu.edu | Junming Yin | et al. | 422 | 6 | 16
jun-y@oist.jp | Junichiro Yoshimoto | Nara Institute of Science and Technology 8916-5 Takayama, Ikoma, Nara 630-0192, Japan and Initial Research Project, Okinawa Institute of Science and Technology, Japan | 195 | 6 | 20
junzhu@cs.cmu.edu | Jun Zhu | Computer Science Department,Tsinghua University | 4677 | 37 | 233
jurgen.vangael@gmail.com | Jurgen Van Gael | Google | 1316 | 16 | 31
justin.domke@rit.edu | Justin Domke | University of Maryland, College Park | 478 | 11 | 22
jvdillon@google.com | Joshua V. Dillon | Georgia Institute of Technology, Atlanta, GA, USA | 92 | 4 | 6
jyrki.kivinen@cs.helsinki.fi | Jyrki Kivinen | Department of Computer Science | 2582 | 18 | 40
k.friston@ucl.ac.uk | Karl Friston | Department of Imaging Neuroscience|Institute of Neurology,University College London | 20731 | 44 | 66
k.yoshii@aist.go.jp | Kazuyoshi Yoshii | Department of Intelligence Science and Technology|Kyoto University | 1288 | 20 | 106
kai.yu.cool@gmail.com | Kai Yu |  | 15838 | 50 | 118
kamalika@cs.ucsd.edu | Kamalika Chaudhuri | Computer Science Department, University of California, San Diego | 3868 | 29 | 84
kameoka.hirokazu@lab.ntt.co.jp | Hirokazu Kameoka | University of Tokyo | 2883 | 30 | 158
kanamori@is.nagoya-u.ac.jp | Takafumi Kanamori | Nagoya University, Furocho, Chikusaku, Nagoya 464-8603, Japan | 1887 | 22 | 103
karasuyama@kuicr.kyoto-u.ac.jp | Masayuki Karasuyama | Nagoya Institute of Technology Department of Scientific and Engineering Simulation Gokiso-cho, Syouwa-ku Nagoya Aichi 466-8555 Japan | 221 | 7 | 27
karim.ali@epfl.ch | Karim Ali | Secure Software Engineering,Technische Universität Darmstadt,Germany | 362 | 9 | 16
karol.gregor@gmail.com | Karol Gregor | Department of Physics|California Institute of Technology | 2176 | 11 | 26
karsten.borgwardt@tuebingen.mpg.de | Borgwardt Karsten |  | 61 | 1 | 1
karteek.alahari@ens.fr | Karteek Alahari | Inria Grenoble - Rhône-Alpes - Thoth project-team | 1640 | 17 | 32
karthik@ttic.edu | Karthik Sridharan | Cornell University | 3090 | 27 | 71
kashima@mist.i.u-tokyo.ac.jp | Hisashi Kashima | Department of Mathematical Informatics, the University of Tokyo
Tokyo Research Laboratory of IBM Research | 5162 | 31 | 146
katya.scheinberg@gmail.com | Katya Scheinberg | Watson Research Center (Yorktown)

 | 2013 | 19 | 52
kawahara@ar.sanken.osaka-u.ac.jp | Yoshinobu Kawahara | The Institute of Scientific and Industrial Research (ISIR),Osaka University, Japan | 759 | 14 | 72
kazawa@google.com | Hideto Kazawa | NTT Communication Science Laboratories | 1414 | 12 | 32
kazushi@is.naist.jp | Kazushi Ikeda | Nara Institute of Science and Technology, Ikoma, Nara, Japan | 684 | 14 | 174
kdembczynski@cs.put.poznan.pl | Krzysztof Dembczynski |  | 492 | 9 | 17
kevin@cs.berkeley.edu | Kevin Robert Canini | University of California, Berkeley | 154 | 4 | 9
kevinlai@cs.washington.edu | Kevin Kar Wai Lai | University of Washington | 0 | 0 | 1
kheller@gmail.com | Heller Katherine | Center for Cognitive Neuroscience, Duke University, United States; Department of Statistical Science, Duke University, United States. | 15 | 1 | 1
kilian@wustl.edu | Weinberger Kilian |  | 10 | 1 | 1
kiri.l.wagstaff@jpl.nasa.gov | Kiri Wagstaff |  | 2 | 1 | 4
klaus-robert.mueller@tu-berlin.de | Klaus-Robert Mueller |  | 200 | 4 | 7
kloft@tu-berlin.de | Marius Kloft | Humboldt University of Berlin Machine Learning | 1594 | 19 | 41
koji.tsuda@aist.go.jp | Koji Tsuda | Department of Computational Biology and Medical Sciences Graduate School of Frontier Sciences,The University of Tokyo | 5752 | 34 | 232
kolter@csail.mit.edu | Zico Kolter |  | 46 | 2 | 3
komachi@is.naist.jp | Mamoru Komachi | Graduate School of Information Science, Nara Institute of Science and Technology | 620 | 14 | 45
komori@ism.ac.jp | Osamu Komori | Faculty of Pharmaceutical Sciences, Kyushu University, Fukuoka, Japan | 119 | 6 | 19
konrad.rieck@uni-goettingen.de | Konrad Rieck | Institute of System Security, TU Braunschweig | 4368 | 32 | 108
koray@kavukcuoglu.org | Koray Kavukcuoglu | DeepMind | 28007 | 44 | 72
kotlowsk@cwi.nl | Wojciech Kotlowski | Institute of Computing Science Poznań University of Technology | 333 | 8 | 27
kowa@ee.unimelb.edu.au |  |  |  |  | 
krausea@ethz.ch | Andreas Krause | ETH Zurich | 15219 | 61 | 161
kristian.kersting@iais.fraunhofer.de | Kristian Kersting | Darmstadt University of Technology | 6756 | 44 | 284
ksinha@cs.ucsd.edu | Kaushik Sinha | Wichita State University | 518 | 8 | 16
kuang@cs.umn.edu | Rui Kuang | Computer Science and Engineering,University of Minnesota, USA | 1050 | 15 | 25
kulesza@cis.upenn.edu | Alex Kulesza | Computer Science and Engineering,University of Michigan | 2791 | 23 | 38
kyunghyun.cho@aalto.fi | Kyunghyun Cho |  | 5971 | 25 | 103
kywang@gmail.com | Y. Liu | Institute of High Energy Physics | 306868 | 196 | 4242
l.baldassarre@cs.ucl.ac.uk | Luca Baldassarre | Università degli Studi di Genova, DISI, Genova, Italy | 528 | 12 | 30
landwehr@cs.uni-potsdam.de | Niels Landwehr | University of Potsdam,Department of Computer Science | 1951 | 14 | 33
larrywasserman.cool@gmail.com | Larry Wasserman | Department of Machine Learning ,Carnegie Mellon University | 6342 | 37 | 267
larryz@microsoft.com | Ross B. Girshick | Facebook | 90000 | 60 | 89
lars@gatsby.ucl.ac.uk | Lars Buesing | lbuesing@kip.uni-heidelberg.de | 823 | 12 | 20
laurent@stat.berkeley.edu | Laurent Jacob | CNRS | 1483 | 7 | 10
lavi@il.ibm.com | Lavi Shpigelman | School of Computer Science and Engineering and Interdisciplinary Center for Neural Computation, Hebrew University, Jerusalem 91904, Israel | 194 | 7 | 9
lazebnik@cs.unc.edu | Svetlana Lazebnik | Department of Computer Science University of Illinois at Urbana-Champaign | 21621 | 43 | 94
lcarin@ee.duke.edu | Lawrence Carin | Duke University | 18002 | 67 | 506
leonbo@microsoft.com | LéOn Bottou |  | 159 | 2 | 2
lexing.xie@anu.edu.au | Lexing Xie | Computer Science The Australian National University. | 5593 | 33 | 162
lihongli.cs@gmail.com | Lihong Li | Google Inc | 3629 | 25 | 57
lilachav@yahoo.com | Avitan Lilach | Queensland Brain Institute, The University of Queensland, Brisbane, QLD 4072, Australia. | 11 | 1 | 1
lin.xiao@microsoft.com | Lin Xiao | California Institute of Technology, Pasadena, CA | 9625 | 22 | 66
linyuanqing@gmail.com | Yuanqing Lin | Aibee | 3959 | 31 | 114
liva.ralaivola@lif.univ-mrs.fr | Liva Ralaivola | Laboratoire d'Informatique Fondamentale de Marseille (LIF) | 1991 | 18 | 78
lkh@imm.dtu.dk | Lars Kai Hansen | Department of Applied Mathematics and Computer Science - DTU Compute | 13887 | 54 | 433
lliao@cis.udel.edu | Li Liao | University of Delaware | 1806 | 21 | 138
lmackey@eecs.berkeley.edu | Lester Mackey | Department of Statistics,Stanford University | 1775 | 20 | 54
lorenzo@cs.dartmouth.edu | Lorenzo Torresani | Visual Learning Group Dartmouth College | 3178 | 22 | 34
lowd@cs.uoregon.edu | Daniel Lowd | University of Oregon | 2200 | 18 | 36
lrosasco@mit.edu | Lorenzo Rosasco | University of Genova | 4947 | 34 | 179
lsong@cc.gatech.edu | Le Song | Georgia Institute of Technology | 3885 | 31 | 49
ltt08r@ecs.soton.ac.uk | Long Tran-Thanh | Agents, Interaction and Complexity Group,   Electronics and Computer Science,   University of Southampton | 733 | 14 | 32
lucian@busoniu.net | Lucian Busoniu |  | 1467 | 15 | 49
lvdmaaten@gmail.com | Laurens Van Der Maaten | Facebook AI Research | 7973 | 19 | 37
m.azar@science.ru.nl | Mohammad Gheshlaghi Azar | Department of Biophysics, Radboud University Nijmegen, EZ Nijmegen, The Netherlands 6525 and School of Computer Science, Carnegie Mellon University, Pittsburgh, USA 15213 | 243 | 9 | 16
m.herbster@cs.ucl.ac.uk | Mark Herbster | University College London,Dept. of Computer Science | 1528 | 13 | 26
m@winteram.com | Winter Mason | Yahoo! Research New York | 3356 | 7 | 9
mahadeva@cs.umass.edu | Sridhar Mahadevan | University of Massachusetts | 7142 | 41 | 166
mallat@cmap.polytechnique.fr | Stephane Mallat | Ecole Normale Superieure | 6549 | 13 | 23
mami@kuicr.kyoto-u.ac.jp | Hiroshi Mamitsuka | Bioinformatics Center, Institute for Chemical Research, Kyoto University | 1943 | 23 | 184
maneesh@gatsby.ucl.ac.uk | Maneesh Sahani |  | 5197 | 36 | 154
marc.toussaint@fu-berlin.de | Marc Toussaint | Intelligent Human-Robot Collaboration | 2879 | 29 | 83
marc@ias.tu-darmstadt.de | Marc Deisenroth |  | 0 | 0 | 1
marie.szafranski@ibisc.fr | Marie Szafranski | Université de Technologie de Compiègne, Compiègne cedex, France | 379 | 8 | 12
mark.reid@anu.edu.au | Mark D. Reid | Research School of Computer Science at the Australian National,University in Canberra | 651 | 13 | 34
mark.schmidt@inria.fr | Mark Schmidt | Department of Computer Science     University of British Columbia | 3667 | 21 | 32
marlin@cs.umass.edu | Ben Marlin |  | 0 | 0 | 1
martinzinkevich@yahoo.com | Martin Zinkevich | Google | 3854 | 29 | 62
massih-reza.amini@lip6.fr | Massih-Reza Amini | Computer Science Laboratory of Paris 6,Pierre & Marie Curie University | 1097 | 19 | 84
mathieu.salzmann@nicta.com.au | Mathieu Salzmann | EPFL | 3246 | 33 | 122
mathpunk@gmail.com | Lloyd Elliott |  | 0 | 0 | 3
mathying@gmail.com | Yiming Ying | Department of Mathematics and Statistics,State University of New York | 2613 | 23 | 66
matsu@is.naist.jp | Yuji Matsumoto | Laboratory of Wood Chemistry, Department of Biomaterial Sciences, Graduate School of Agricultural and Life Sciences The University of Tokyo 1-1-1 Yayoi, Bunkyo-ku Tokyo 113-8657 Japan | 18595 | 54 | 1056
matthew.blaschko@inria.fr | Blaschko Matthew |  | 0 | 0 | 0
matthewb@princeton.edu | Botvinick Matthew | Princeton Neuroscience Institute and Department of Psychology, Princeton University, Princeton, NJ, USA. matthewb@princeton.edu | 34 | 1 | 1
matthias.seeger@epfl.ch | Jan Peters | TU Darmstadt,Intelligent Autonomous Systems Institute, Computer Science Department,Technische Universitaet Darmstadt | 14066 | 59 | 345
matthias@bethgelab.org | Matthias Bethge | Institute for Biological Cybernetics | 4774 | 32 | 237
matthieu.geist@supelec.fr | Matthieu Geist | IMS Research Group | 1375 | 22 | 107
maxim@illinois.edu | Maxim Raginsky |  | 2013 | 20 | 107
mbilenko@microsoft.com | Misha Bilenko |  | 2 | 1 | 1
mbrubake@cs.toronto.edu | Marcus A. Brubaker | University of Toronto, Scarborough | 571 | 10 | 13
mcarreira-perpinan@ucmerced.edu | Miguel Carreira-Perpinan | Informatics Research Report|SCHOOL of INFORMATICS|Institute for Adaptive and Neural Computation December | 12 | 1 | 1
mccallum@cs.umass.edu | Andrew Mccallum | Department of Computer Science,University Massachusetts Amherst | 68934 | 102 | 323
mcfrank@stanford.edu | Michael Frank | Stanford University, Stanford, California | 9 | 1 | 1
mcmahan@google.com | Brendan Mcmahan |  | 5 | 1 | 2
mcuturi@i.kyoto-u.ac.jp | Marco Cuturi | Yamamoto Cuturi Lab Graduate School of Informatics Kyoto University | 981 | 11 | 26
mdhoffma@cs.princeton.edu | Matt Hoffman | Department of Computer Science, UBC, Canada | 126 | 5 | 6
mdredze@cs.jhu.edu |  |  |  |  | 
mdudik@microsoft.com | Miroslav Dudik | Microsoft Research, New York, NY, USA | 81 | 5 | 8
meek@microsoft.com | Chris Meek | Machine Learning and Applied Statistics, Microsoft Research | 6765 | 36 | 93
meshi@cs.huji.ac.il | Ofer Meshi | Google | 356 | 10 | 18
mharuno@lab.tamagawa.ac.jp | Haruno Masahiko | Center for Information and Neural Networks, National Institute of Information and Communications Technology, Osaka 565-0871, Japan, Precursory Research for Embryonic Science and Technology, Japan Science and Technology Agency, Saitama 332-0012, Japan, Graduate School of Frontier Biosciences, Osaka University, Osaka 565-0871, Japan, and Brain Science Institute, Tamagawa University, Tokyo 194-8610, Japan mharuno@nict.go.jp t.nihonsugi@gmail.com. | 8 | 1 | 1
michael.gutmann@helsinki.fi | Michael Gutmann | Dept of Computer Science and HIIT|University of Helsinki|University of Helsinki | 25 | 2 | 2
michael.habeck@tuebingen.mpg.de | Michael Habeck | Unitede Bioinformatique Structurale|Institut Pasteur | 1840 | 18 | 41
michael.hirsch@tuebingen.mpg.de | Michael Hirsch |  | 88 | 3 | 3
michael.rabbat@mcgill.ca | Michael Rabbat | Department of Electrical and Computer Engineering
McGill University | 1669 | 13 | 29
michael.tangermann@tu-berlin.de | Michael Tangermann | Berlin Institute of Technology, Machine Learning Laboratory, Berlin, Germany | 1294 | 14 | 27
michal.valko@inria.fr | Michal Valko | INRIA Lille - Nord Europe | 560 | 13 | 46
mikio.braun@tu-berlin.de | Mikio L. Braun | TU Berlin | 1450 | 15 | 39
mingruiw@microsoft.com | Mingrui Wu | MPI for Biological Cybernetics
Dept. Schölkopf | 1248 | 13 | 17
mingyuan.zhou@duke.edu | Mingyuan Zhou | Department of Statistics and Data Sciences,The University of Texas at Austin | 2549 | 23 | 84
minhua.chen@duke.edu | Minhua Chen | Department of Electrical and Computer Engineering, Duke University, Durham, NC | 468 | 6 | 9
mladenk@cs.cmu.edu | Mladen Kolar | The University of Chicago,Booth School of Business | 807 | 13 | 26
mmahoney@cs.stanford.edu | Michael Mahoney | Laboratory of Molecular Biology, National Cancer Institute, National Institutes of Health, Bethesda MD 20892-4255, USA | 508 | 5 | 32
mohammad.ghavamzadeh@inria.fr | Mohammad Ghavamzadeh | INRIA Lille | 2920 | 31 | 120
mohit.sharma@wustl.edu | Sharma Mohit | Department of Biomedical Engineering, Washington University in St. Louis, St. Louis, MO, USA. | 5 | 1 | 1
mori@cs.sfu.ca | Greg Mori | School of Computing Science  Simon Fraser University | 10730 | 44 | 106
moritzgw@tuebingen.mpg.de | Moritz Grosse-Wentrup |  | 1971 | 23 | 80
moschitti@disi.unitn.it | Alessandro Moschitti | University of Trento | 7335 | 46 | 259
mpexuh@nus.edu.sg | Huan Xu | Department of Mechanical Engineering, and Department of Mathematics (by courtesy), National University of Singapore | 3123 | 26 | 102
mscohen@ucla.edu | Mark Cohen | University of California, Los Angeles, Los Angeles, CA | 0 | 0 | 1
mstreeter@google.com | Matt Streeter |  | 0 | 0 | 1
mtappen@cs.ucf.edu | Marshall F. Tappen | Amazon.com | 4722 | 22 | 51
mtelgars@cs.ucsd.edu | Matus Telgarsky | Department of Computer Science University of Illinois at Urbana-Champaign | 550 | 3 | 24
mtf@lx.it.pt | Mario Figueiredo | Instituto de Telecomunicações, Lisboa, Portugal and Instituto Superior Técnico, Technical University of Lisbon, Portugal | 332 | 4 | 4
mtitsias@well.ox.ac.uk | Michalis Titsias | School of Computer Science, University of Manchester, UK | 70 | 4 | 5
murphy@cmu.edu | Robert F. Murphy | Department of  Biological Sciences,Carnegie Mellon University | 8718 | 46 | 306
murua@dms.umontreal.ca | Alejandro Murua | Department of Statistics|University of Washington | 163 | 6 | 18
n.lawrence@shef.ac.uk | Neil D. Lawrence | University of Sheffield | 9860 | 50 | 194
nailon@cs.technion.ac.il | Nir Ailon | Computer Science Faculty of the Technion | 2445 | 25 | 91
nakajima.s@nikon.co.jp | Shinichi Nakajima | Berlin Big Data Center,Machine Learning Group,Technische Universität Berlin | 1986 | 15 | 34
nathaniel.korda@inria.fr | Nathaniel Korda | INRIA Lille-Nord Europe, France | 351 | 4 | 8
neu.gergely@gmail.com | Gergely Neu | Artificial Intelligence group Department of Information and Communication Technologies Universitat Pompeu Fabra Barcelona, Spain | 594 | 14 | 25
neumann@ias.tu-darmstadt.de | Gerhard Neumann | TU Darmstadt | 270 | 7 | 9
nevena@microsoft.com | Nevena Lazic | University of Toronto (Canada) | 280 | 8 | 12
neville@cs.purdue.edu | Jennifer Neville | Computer Science and Statistics, Purdue University | 5360 | 33 | 90
nicolas.heess@ucl.ac.uk | Nicolas Heess | University of Edinburgh, IANC, Edinburgh, UK | 1367 | 9 | 12
nicolas.usunier@lip6.fr | Nicolas Usunier | Laboratoire d'Informatique de Paris, Paris, France | 3842 | 27 | 78
nicolas@le-roux.name | Nicolas Le Roux | Criteo | 4647 | 21 | 119
nikolaj.tatti@gmail.com | Nikolaj Tatti | Department of Information and Computer Science,Aalto University School of Science | 892 | 17 | 52
noboru.murata@eb.waseda.ac.jp | Noboru Murata | University of Tokyo | 3294 | 23 | 193
nobushim@yahoo-corp.jp | Nobuyuki Shimizu | Department of Gastrointestinal Surgery, Metabolic Care and Endocrine Surgery, Graduate School of Medicine, The University of Tokyo, Tokyo, Japan | 231 | 9 | 37
novi.quadrianto@gmail.com | Novi Quadrianto | Research School of Information Sciences & Engineering,The Australian National University | 1050 | 16 | 38
npfeifer@mpi-inf.mpg.de | Nico Pfeifer | Division for Simulation of Biological Systems, Center for Bioinformatics, Eberhard-Karls University, 72076 Tübingen, Germany | 1144 | 9 | 13
nuno@ece.ucsd.edu | Nuno Vasconcelos | Department of Electrical and Computer Engineering, University of California, San Diego | 14747 | 68 | 253
oby@ni.tu-berlin.de | Klaus Obermayer | Neural Information Processing Group Berlin University of Technology | 8005 | 37 | 380
odalricambrym.maillard@gmail.com | Odalric-Ambrym Maillard |  | 609 | 12 | 32
odedm@il.ibm.com | Oded Margalit | Haifa Research Lab, Haifa, Israel | 397 | 9 | 15
ohadsh@microsoft.com | Ohad Shamir | Microsoft Research | 4552 | 40 | 115
oliva@csail.mit.edu | Aude Oliva | CSAIL (Computer Science and Artificial Intelligence Lab) | 28366 | 68 | 188
oliver.stegle@tuebingen.mpg.de | Oliver Stegle | Department Empirical Inference|Max Planck Institute for Biological Cybernetics|Max Planck Institute for Developmental Biology | 3486 | 16 | 31
olivier.faugeras@inria.fr | Olivier D. Faugeras | INRIA | 48467 | 98 | 423
olivier.teytaud@lri.fr | Olivier Teytaud |  | 3020 | 27 | 235
onoda@criepi.denken.or.jp |  |  |  |  | 
opperm@cs.tu-berlin.de | Manfred Opper | TU Berlin | 6209 | 33 | 171
orabona@ttic.edu | Francesco Orabona | Yahoo Research NY | 2009 | 25 | 95
osheffet@cs.cmu.edu | Or Sheffet | Carnegie Mellon University, Pittsburgh, PA, USA | 617 | 10 | 28
owi@imm.dtu.dk | Ole Winther | Bioinformatics Centre,University of Copenhagen. | 5273 | 35 | 179
ozgur@mpib-berlin.mpg.de | Ozgur Simsek | Center for Adaptive Behavior and Cognition | 105 | 3 | 9
p.favaro@hw.ac.uk | Paolo Favaro | University of Bern | 3437 | 31 | 93
p.geurts@ulg.ac.be | Pierre Geurts | University of Liège,Department of Electrical engineering and Computer Science | 6590 | 32 | 143
p.shafto@louisville.edu | Shafto Patrick | University of Louisville, United States. | 82 | 1 | 1
page@biostat.wisc.edu | David Page | University of Wisconsin-Madison | 1964 | 23 | 70
pannaga.datta@gmail.com | Pannaga Shivaswamy | Netflix | 261 | 7 | 8
papajohn@gmail.com | John Denero | UC Berkeley Berkeley Engineering | 1252 | 16 | 28
parr@cs.duke.edu | Ronald Parr | Department of Computer Science,Duke University | 7382 | 39 | 71
partha.talukdar@cs.cmu.edu | Partha Talukdar | Department of Computer Science and Automation (CSA) Indian Institute of Science (IISc) | 2304 | 28 | 89
passerini@disi.unitn.it | Andrea Passerini | DISI-Dipartimento di Ingegneria e Scienza dell'Informazione Università degli Studi di Trento | 1922 | 23 | 99
pavel.laskov@uni-tuebingen.de | Pavel Laskov | Wilhelm Schickard Institute for Computer Science,
University of T¨ubingen. | 4021 | 32 | 77
pawan.kumar@ecp.fr | M. Pawan Kumar | Department of Computer Science
Stanford University | 3417 | 22 | 39
pawelzik@neuro.uni-bremen.de | Klaus Pawelzik | nstitute for Theoretical Physics
University of Bremen | 1720 | 18 | 148
pdollar@microsoft.com | Piotr Dollár | Facebook AI Research | 24073 | 43 | 59
pedrod@cs.washington.edu | Pedro Domingos | Department of Computer Science and Engineering,University of Washington | 37504 | 77 | 173
pelillo@dsi.unive.it | Marcello Pelillo | Computer Science at the University of Venice, Italy | 6368 | 38 | 201
pengjian@ttic.edu | Jian Peng |  College of Urban and Environment Sciences,Peking University,Beijing ,China | 1637 | 19 | 105
peter.sollich@kcl.ac.uk | Peter Sollich | Disordered Systems Group | 3813 | 30 | 250
petrik@cs.umass.edu | Marek Petrik | University of New Hampshire | 464 | 12 | 32
p-f@dsi.unifi.it | Paolo Frasconi | Computer Science at DINFO,University of Florence | 11092 | 42 | 219
pf98@cornell.edu | Peter I. Frazier | School of Operations Research and Information Engineering,Cornell University | 1327 | 16 | 32
pgehler@mpi-inf.mpg.de | Peter V. Gehler | University of Tübingen | 2596 | 19 | 36
philip.m.long@gmail.com | Phil Long | Phil Long|Office of Educational Innovation and Technology|Massachusetts Institute of Technology | 97 | 5 | 10
philipp.berens@tuebingen.mpg.de | Philipp Berens | Institute for Biological Cybernetics | 1981 | 9 | 23
philippe.preux@inria.fr | Philippe Preux | Université de Lille 3	Centre de Recherche INRIA Lille-Nord Europe | 901 | 17 | 99
pierre.sermanet@gmail.com | Pierre Sermanet | New York University | 13650 | 15 | 21
pillow@mail.utexas.edu | Jonathan W. Pillow | Center for Perceptual Systems, The University of Texas at Austin, Austin, TX 78712, USA. ;Institute for Neuroscience, The University of Texas at Austin, Austin, TX 78712, USA. ;Department of Psychology, The University of Texas at Austin, Austin, TX 78712, USA. ;Princeton Neuroscience Institute and Department of Psychology, Princeton University, Princeton, NJ 08544, USA. | 28 | 1 | 1
pingli@cornell.edu | Y. Li | Cornell University | 118902 | 154 | 3230
piyush@cs.utah.edu | Piyush Rai | Computer Science & Engineering,Indian Institute of Technology, Kanpur | 1460 | 20 | 50
pless@cse.wustl.edu | Robert Pless | Department of Computer Science and Engineering,Washington University | 5678 | 32 | 113
pletscher@inf.ethz.ch | Patrick Pletscher | ETH Zurich, Switzerland | 370 | 6 | 14
ppoupart@cs.uwaterloo.ca | Pascal Poupart | School of Computer Science,University of Waterloo | 4437 | 33 | 135
pradeepr@cs.utexas.edu | Pradeep Ravikumar |  | 13 | 1 | 1
prajain@microsoft.com | Prateek Jain | Microsoft Research Lab | 10292 | 44 | 246
pshenoy@ucsd.edu |  |  |  |  | 
purushot@cse.iitk.ac.in | Inderjit S. Dhillon | 2317 Speedway, Suite 2.302, Stop D9500 Austin, TX 78712-1757 | 36860 | 83 | 298
qliu1@uci.edu | Qiang Liu | University of California , Davis | 12 | 1 | 2
quaid.morris@gmail.com | Quaid Morris | University of Toronto (Canada) | 16175 | 50 | 185
quocle@stanford.edu | Quoc V. Le | Google | 31012 | 63 | 127
qyj@cs.cmu.edu | Yanjun Qi | Machine Learning Department, NEC Labs America | 2338 | 22 | 43
raghuram@research.att.com | Raghuraman Gopalan | University of Maryland, College Park | 1451 | 14 | 29
ralf.haefner@gmail.com | Haefner Ralf |  | 5 | 1 | 1
ralf@fb.com | Ralf Herbrich | Amazon | 9096 | 40 | 131
ramadge@princeton.edu | Peter Ramadge | Princeton University | 23 | 2 | 5
rang@microsoft.com | Ran Gilad-Bachrach | Microsoft Research  | 1049 | 11 | 45
ranzato@cs.toronto.edu | Marc' Aurelio Ranzato | Facebook | 19184 | 42 | 66
raphael.fonteneau@ulg.ac.be | Raphael Fonteneau | University of Liège, Liège, Belgium | 206 | 10 | 21
raphael.sznitman@epfl.ch | Raphael Sznitman | ARTORG Center for Biomedical Engineering Research University of Bern | 539 | 13 | 28
ratschg@mskcc.org | Gunnar Raetsch |  | 311 | 4 | 5
ravindran.b@gmail.com | Balaraman Ravindran | IIT Madras | 6586 | 22 | 117
rbell@research.att.com | Robert Bellé | Station Biologique de Roscoff, Université Pierre et Marie Curie (UFR 937), Centre National de la Recherche Scientifique (CNRS, UPR 9042), Institut National des Sciences de l'Univers (INSU), BP 74, 29682, Roscoff Cedex, France | 1070 | 6 | 51
rbg@cs.uchicago.edu | Ross B. Girshick | Facebook | 90000 | 60 | 89
remi.munos@inria.fr | Re´Mi Munos |  | 1 | 1 | 1
ret26@cam.ac.uk | Turner Richard E | Computational and Biological Learning Lab, Department of Engineering, University of Cambridge, Trumpington Street, Cambridge CB2 1PZ, United Kingdom. | 8 | 1 | 1
reza.haffari@gmail.com | Gholamreza Haffari |  | 712 | 12 | 47
ricardo@stats.ucl.ac.uk | Ricardo Silva | University College London | 314 | 8 | 25
richard@socher.org | Richard Socher | Salesforce | 40650 | 52 | 89
richb@rice.edu | Richard G. Baraniuk | Electrical and Computer Engineering,Rice University | 59189 | 107 | 669
risi@uchicago.edu | Risi Kondor | University of Chicago | 5153 | 14 | 34
ritasemail@gmail.com | Margareta Ackerman | School of Computer Science|University of Waterloo | 479 | 9 | 19
rmcichy@mit.edu | Radoslaw Martin Cichy |  | 473 | 6 | 16
rmeir@ee.technion.ac.il | Ron Meir | Faculty of Electrical Engineering Technion | 2618 | 24 | 80
rmnarora@gmail.com | Raman Arora | Johns Hopkins University | 1442 | 18 | 109
ro@cs.uni-frankfurt.de | Roland Memisevic | University of Montreal | 2289 | 24 | 47
robbie@bcs.rochester.edu | Robert A. Jacobs | Department of Brain and Cognitive Sciences, University of Rochester, Rochester, NY | 13682 | 29 | 73
roiri@csail.mit.edu | Roi Reichart |  | 1529 | 19 | 59
ronald.ortner@unileoben.ac.at | Ronald Ortner | Department für Mathematik und Informationstechnologie | 930 | 13 | 47
ronan@collobert.com | Ronan Collobert | Facebook | 17042 | 36 | 95
rongjin@cse.msu.edu | Rong Jin | Alibaba Group | 15158 | 63 | 266
rpa@seas.harvard.edu | Yiling Chen | Harvard University | 2776 | 30 | 58
rsalakhu@cs.toronto.edu | Ruslan Salakhutdinov | Machine Learning Department,Carnegie Mellon University | 56269 | 71 | 167
rudin@mit.edu | Cynthia Rudin | Statistics  PI, Prediction Analysis Lab | 720 | 13 | 32
rueckert@eecs.berkeley.edu | Ulrich Rueckert | Heinz Nixdorf Institute, Germany | 132 | 8 | 34
rurner@uwaterloo.ca | Ruth Urner | Max-Planck-Institute for Intelligent Systems | 157 | 8 | 11
rurtasun@ttic.edu | Raquel Urtasun | Facebook | 18960 | 66 | 227
s.a.whiteson@uva.nl | Shimon Whiteson | University of Oxford, St Catherine's College | 3330 | 33 | 147
s.ramamoorthy@ed.ac.uk | Subramanian Ramamoorthy | School of Informatics,University of Edinburgh | 809 | 16 | 100
saenko@eecs.berkeley.edu | Kate Saenko | Boston University | 15215 | 46 | 120
saigo@bio.kyutech.ac.jp | Hiroto Saigo | Kyoto University | 1525 | 13 | 22
saman_muthukumarana@umanitoba.ca | Muthukumarana Saman | 1Department of Statistics, University of Manitoba, Winnipeg, Manitoba R3T 2N2, Canada. | 17 | 2 | 2
samaras@cs.sunysb.edu | Dimitris Samaras | Computer Science Department | 5444 | 41 | 175
sameer@cs.umass.edu | Sameer Singh | Department of Computer Science|University of Exeter | 3427 | 22 | 86
samuel.kaski@aalto.fi | Samuel Kaski | Department of Computer Science Aalto University | 12341 | 56 | 429
sanghavi@mail.utexas.edu | Sujay Sanghavi | University of Texas, Austin | 7255 | 47 | 132
sangkyun.lee@cs.uni-dortmund.de | Sangkyun Lee | Fakultät für Informatik, LS VIII, Technische Universität Dortmund, Dortmund, Germany | 1169 | 15 | 103
sanjivk@google.com | Sanjiv Kumar | Google Research,NY | 3091 | 18 | 23
sankararaman@genetics.med.harvard.edu | Sriram Sankararaman | Computer Science, University of California, Los Angeles | 2085 | 16 | 43
sanmay@cs.rpi.edu | Sanmay Das | Dept. of Computer Science & Engineering,Washington University in St. Louis | 2097 | 18 | 118
satyen.kale@gmail.com | Satyen Kale | Google Research | 3899 | 30 | 79
sayan@stat.duke.edu | Sayan Mukherjee | Duke University | 30624 | 46 | 212
sbubeck@princeton.edu | Sebastien Bubeck |  | 0 | 0 | 1
scanu@insa-rouen.fr | St Ephane Canu | Planck Institute for Biological Cybernetics | 9 | 1 | 1
schapire@cs.princeton.edu | Robert E. Schapire | Microsoft Research | 84110 | 74 | 248
scheffer@cs.uni-potsdam.de | Tobias Scheffer | University of Potsdam
Department of Computer Science
 | 3555 | 29 | 135
scherrer@loria.fr | Bruno Scherrer | INRIA | 126 | 4 | 16
schiele@mpi-inf.mpg.de | Bernt Schiele | Max-Planck-Institut für Informatik | 42806 | 109 | 463
schliep@cs.rutgers.edu | Alexander Schliep | The State University of New Jersey Department of Computer Science and BioMaPS Institute for Quantitative Biology Rutgers 110 Frelinghuysen Road Piscataway NJ 08854-8019 USA | 1952 | 23 | 84
schopra@research.att.com | Sumit Chopra |  | 3648 | 14 | 33
schulz@ais.uni-bonn.de | Hannes Schulz |  | 40 | 2 | 4
scott.sanner@nicta.com.au | Scott Sanner | University of Toronto | 1070 | 14 | 39
scottyih@microsoft.com | Ming-Wei Chang | Google | 3123 | 28 | 60
sebag@lri.fr | Michele Sebag | CNRS, TAO, Orsay, France | 1030 | 17 | 90
sebastian.gerwinn@googlemail.com | Sebastian Gerwinn | Max Planck Institute for Biological Cybernetics, Spemannstraße 41, 72076 Tübingen, Germany | 325 | 10 | 31
sebastien.lahaie@gmail.com | Sebastien Lahaie | Microsoft Research | 255 | 5 | 11
senowozi@microsoft.com | Sebastian Nowozin | Microsoft Research | 6645 | 39 | 115
sethu.vijayakumar@ed.ac.uk | Sethu Vijayakumar | School of Informatics,University of Edinburgh | 6654 | 37 | 243
seungjin@postech.ac.kr | Seungjin Choi | Department of Computer Science,Pohang University of Science and Technology (POSTECH) | 6559 | 43 | 418
sgerrish@cs.princeton.edu | Sean Gerrish | Google | 5007 | 10 | 17
shai.shwartz@gmail.com | Shai Shalev-Shwartz | The Hebrew University of Jerusalem | 12529 | 45 | 134
shai@cs.uwaterloo.ca | Shai Ben-David | School of Computer Science,University of Waterloo | 6956 | 40 | 152
shakirm@cs.ubc.ca | Shakir Mohamed | Google DeepMind | 2633 | 23 | 55
shankar.vembu@gmail.com | Shankar Vembu | Fraunhofer IAIS Schloß Birlinghoven 53754 Sankt Augustin Germany | 1121 | 16 | 36
sharpee@salk.edu | Tatyana Sharpee | Sloan-Swartz Center for Theoretical Neurobiology and Department of Physiology, University of California at San Francisco, San Francisco, CA 94143, U.S.A. | 340 | 4 | 8
shin@ajou.ac.kr | Shin Helen |  | 4 | 1 | 1
shipeng.yu@siemens.com | Shipeng Yu | Siemens Medical Solutions USA | 6261 | 34 | 90
shiro@ism.ac.jp | Shiro Ikeda |  | 1587 | 16 | 94
shivani@csa.iisc.ernet.in | Shivani Agarwal | Harvard University | 2984 | 20 | 146
silvia@microsoft.com | Silvia Chiappa | Google DeepMind | 254 | 6 | 18
simon.lacoste-julien@ens.fr | Simon Lacoste-Julien | INRIA - SIERRA project-team Département d'Informatique de l'École Normale Supérieure | 1963 | 20 | 39
sina2jp@gmail.com | Sina Jafarpour | Department of Computer Science, Princeton University | 1153 | 12 | 42
sineadannewilliamson@gmail.com | Sinead Williamson | University of Texas at Austin | 451 | 10 | 15
singer@google.com | Yoram Singer | Google | 38906 | 66 | 218
sinisa@eecs.oregonstate.edu | Sinisa Todorovic | School of EECS,Oregon State University | 3538 | 31 | 107
sjgershm@princeton.edu |  |  |  |  | 
sjhwang@cs.utexas.edu | Hwang Sung Ju | Department of Computer Science, University of Texas at Austin, 1616 Guadalupe, Suite 2.408, Austin, TX 78701, USA. sjhwang@cs.utexas.edu | 0 | 0 | 1
sji@cs.odu.edu | Ji Shuiwang | Department of Computer Science, Old Dominion University, 4700 Elkhorn Avenue, Suite 3300, Norfolk, VA 23529-0162, USA. | 10 | 1 | 1
skirshne@purdue.edu | Sergey Kirshner | Department of Statistics, Purdue University | 577 | 12 | 23
slav@petrovi.de | Slav Petrov | Google | 6728 | 33 | 82
sm2756@gmail.com | Shiqian Ma | Department of Systems Engineering and Engineering Management,The Chinese University of Hong Kong | 2089 | 17 | 23
sophie.deneve@ens.fr | Sophie Deneve | École Normale Supérieure | 1719 | 13 | 24
sroth@cs.tu-darmstadt.de | Stefan Roth | Technische Universität Darmstadt  Visual Inference Group | 15869 | 50 | 116
srush@csail.mit.edu | Rush Alexander | Illinois Institute of Technology, Chicago, IL 60616, USA. rushale@iit.edu | 5 | 1 | 1
sschaal@usc.edu | Stefan Schaal | Department of Computer Science
Neuroscience Program
University of Southern California | 32615 | 80 | 376
sshimizu@ar.sanken.osaka-u.ac.jp | Shohei Shimizu | The Center for Data Science Education and Research,Shiga University,Japan. | 1323 | 15 | 69
sssykim@cs.cmu.edu | Seyoung Kim | Department of  Biological Sciences,Carnegie Mellon University | 11963 | 22 | 114
s-taiji@stat.t.u-tokyo.ac.jp | Taiji Suzuki | Tokyo Institute of Technology | 2315 | 25 | 55
stefan.harmeling@tuebingen.mpg.de | Stefan Harmeling | Max Planck Institute for Intelligent Systems, Tübingen, Germany | 4497 | 29 | 82
stefan.haufe@tu-berlin.de | Stefan Haufe | Berlin Institute of Technology, Franklinstr. 28/29, D-10587 Berlin, Germany | 1296 | 14 | 29
stephane.boucheron@math.jussieu.fr | Boucheron Stephane |  | 4 | 1 | 1
stephane.robin@agroparistech.fr | Stéphane Robin | UMR 518 AgroParisTech/INRA MIA, AgroParisTech, 16 rue Claude Bernard, F-75231 Paris Cedex 05, France | 31 | 1 | 1
stephen.gould@anu.edu.au | Stephen Gould | Research School of Computer Science, Australian National University | 1346 | 14 | 24
sturaga@mit.edu |  |  |  |  | 
sturm@informatik.uni-freiburg.de | Jürgen Sturm | Google | 4523 | 23 | 29
suchi.saria@gmail.com | Suchi Saria | Machine Learning & Data Intensive Computing Group  Computational Biology & Medicine Group | 1003 | 13 | 28
sugi@cs.titech.ac.jp | Masashi Sugiyama | The University of Tokyo | 12147 | 53 | 707
suhrid@research.att.com | Suhrid Balakrishnan | AT&T Labs Research | 986 | 13 | 33
sumitb@microsoft.com | Sumit Basu | Microsoft Research | 6316 | 36 | 320
sunbeam@ece.wisc.edu | Laura Balzano | University of Wisconsin, Madison | 8 | 1 | 1
sunita@iitb.ac.in | Sunita Sarawagi | Indian Institute of Technology Bombay | 10601 | 42 | 135
sutton@cs.ualberta.ca | Richard S. Sutton | Department of Computing Science, University of Alberta | 63748 | 72 | 225
svnaras@cs.utexas.edu | Sudheendra Vijayanarasimhan |  | 2124 | 18 | 29
swlee@image.korea.ac.kr | Seong-Whan Lee | Dept. of Brain and Cognitive Engineering,Dept. of Computer Science and Engineering  Korea University | 9716 | 45 | 342
swoh@mit.edu | Sewoong Oh | Department of Dermatology and Cutaneous Biology Research Institute, Yonsei University College of Medicine, Seoul, Republic of Korea | 2105 | 16 | 44
szepesva@cs.ualberta.ca |  |  |  |  | 
szhang@uci.edu | Shunan Zhang | Department of Cognitive Sciences|University of California , Irvine | 133 | 6 | 7
t.heskes@science.ru.nl | Tom Heskes | Artificial Intelligence | 5923 | 42 | 284
takeuchi.ichiro@nitech.ac.jp | Ichiro Takeuchi | Department of Engineering, Nagoya Institute of Technology, Showa-ku, Nagoya, Japan 466-8555 | 44 | 4 | 10
taku-y@atr.jp | Taku Yoshioka | ATR Computational Neuroscience Laboratories, Kyoto, Japan | 143 | 6 | 16
tamir@ttic.edu | Tamir Hazan | Faculty of Industrial Engineering & Management | 1569 | 17 | 37
tang@cs.toronto.edu | Tang Charlie |  | 325 | 1 | 1
taskar@cis.upenn.edu | Ben Taskar | Computer and Information Science
University of Pennsylvania | 10997 | 49 | 110
tatsuno@uleth.ca | Tatsuno Masami | Department of Neuroscience, Canadian Centre for Behavioural Neuroscience, University of Lethbridge Lethbridge, AB, Canada. | 0 | 0 | 1
terrykoo@google.com | Terry Koo | MIT CSAIL, Cambridge, MA | 1920 | 9 | 14
tetsuro@jp.ibm.com | Tetsuro Morimura | Tokyo Research Laboratory IBM Research Tokyo Japan | 173 | 7 | 24
tgd@cs.orst.edu | Thomas G. Dietterich | School of Electrical Engineering and Computer Science,Oregon State University | 38942 | 74 | 397
the.seeing.stone@gmail.com | Sivaraman Balakrishnan | Department of Statistics at Carnegie Mellon | 528 | 9 | 13
theofanis.karaletsos@tuebingen.mpg.de | Theofanis Karaletsos |  | 52 | 4 | 11
thiesson@microsoft.com | Bo Thiesson | Microsoft Research | 1459 | 17 | 38
thofmann@google.com | Thomas Hofmann | Department of Computer Science,ETH Zürich | 22273 | 53 | 180
thomas@abeel.be | Thomas Abeel | Department of Plant Systems Biology, VIB, Ghent University, Gent, Belgium|Broad Institute of MIT and Harvard, Cambridge, MA, USA | 1403 | 11 | 23
thoreg@microsoft.com | Thore Graepel | University College London,Dept. of Computer Science | 12388 | 44 | 160
tiberio.caetano@nicta.com.au | Tiberio Caetano |  | 18 | 1 | 1
tie-yan.liu@microsoft.com | Tieyan Liu | Microsoft Research Asia | 12980 | 52 | 274
timme@nld.ds.mpg.de | Marc Timme | Max-Planck-Institut furS|tromungsforschung and Fakultatf ur Physik | 3155 | 30 | 127
tina@eliassi.org | Tina Eliassi-Rad | Northeastern University,Boston | 3630 | 29 | 109
titov@mmci.uni-saarland.de | Ivan Titov | Insitute for Language,Cognition and Computation,School of Informatics,University of Edinburgh | 2978 | 24 | 53
tj@cs.cornell.edu | Thorsten Joachims | Cornell University | 87326 | 78 | 232
tkurita@hiroshima-u.ac.jp | Takio Kurita | Hiroshima University | 3665 | 27 | 228
tmatsui@ism.ac.jp | Tomoko Matsui | The authors are with the Department of Acoustic and Speech Research, Advance Telecommunications Research Institute International, Kyoto-fu, 619-0288 Japan., | 1970 | 23 | 125
tobias.glasmachers@ini.rub.de | Tobias Glasmachers |  | 1071 | 14 | 42
todd.gureckis@nyu.edu | Todd M. Gureckis | Department of Psychology|New York University | 1808 | 20 | 67
tom_griffiths@berkeley.edu | Thomas L. Griffiths | Department of Psychology and Cognitive Science Program,University of California,Berkeley | 35010 | 80 | 399
tomasz@csail.mit.edu | Tomasz Malisiewicz | VISION.AI, LLC | 2146 | 12 | 18
tomioka@mist.i.u-tokyo.ac.jp | Ryota Tomioka | Department of Mathematical Informatics, The University of Tokyo, Tokyo, Japan | 2791 | 22 | 35
torralba@mit.edu | Antonio Torralba | massachusetts institute of technology | 45215 | 81 | 246
toshev@google.com | Thomas Leung | Google | 14311 | 29 | 147
tt@i.kyoto-u.ac.jp | Toshiyuki Tanaka | Department of Bioregulation|Biomedical Research Center|Osaka University|Graduate School|Institute for Molecular and Cellular Biology|Osaka University | 5645 | 39 | 1050
ttakashi@fun.ac.jp | Takashi Takenouchi | Nara Institute of Science and Technology,Mathematical Informatics Laboratory | 457 | 10 | 39
ueda.naonori@lab.ntt.co.jp | Naonori Ueda | ＮＴＴ Communication Science Laboratories | 4927 | 30 | 152
ulripa@microsoft.com | Ulrich Paquet | Microsoft Research, Cambridge, United Kingdom | 501 | 13 | 30
unamay@csail.mit.edu | Una-May O' Reilly | Massachusetts Institute of Technology, Cambridge, MA, USA | 11 | 1 | 1
ungar@cis.upenn.edu | Lyle Ungar | Computer and Information Science,University of Pennsylvania | 20288 | 63 | 346
urish22@gmail.com | Uri Shalit | Hebrew University, Jerusalem, Israel | 1025 | 8 | 11
usyed@cs.princeton.edu | Umar Syed | Princeton University, Princeton, NJ | 554 | 11 | 21
v@bio-complexity.com | Frank Emmert-Streib | Computational Biology and Machine Learning, Center for Cancer Research and Cell Biology, School of Medicine, Dentistry and Biomedical Sciences, Queen's University Belfast, 97 Lisburn Road, Belfast, BT9 7BL, UK | 1492 | 22 | 83
vanhoucke@google.com | Vincent Vanhoucke | Google | 23617 | 31 | 64
vedaldi@robots.ox.ac.uk | Andrea Vedaldi | Department of Engineering Science,University of Oxford | 32114 | 62 | 147
verri@disi.unige.it | Alessandro Verri | Università degli Studi di Genova | 10171 | 34 | 167
vgogate@hlt.utdallas.edu | Vibhav Gogate | Computer Science Department,The University of Texas at Dallas | 1453 | 20 | 65
victorlempitsky@gmail.com | Victor S. Lempitsky | Skoltech (Skolkovo Institute of Science and Technology) | 10295 | 42 | 91
vikas.sindhwani@gmail.com | Vikas Sindhwani | Robotics | 9006 | 40 | 89
vincent.lepetit@epfl.ch | Vincent Lepetit | Institute for Computer Graphics and Vision, TU Graz | 19709 | 58 | 184
vincentp@iro.umontreal.ca | Pascal Vincent | Université de Montréal | 22028 | 37 | 74
vishy@stat.purdue.edu | S. V. N. Vishwanathan | University of California, Santa Cruz | 2011 | 18 | 36
vittorio.ferrari@ed.ac.uk | Vittorio Ferrari | Computer Vision Laboratory  ETH Zentrum | 12410 | 54 | 366
vjojic@cs.unc.edu | Vladimir Jojic | Stanford University,Department of Computer Science | 1664 | 16 | 31
vkm@mit.edu | Vikash Mansinghka | Computer Science and Artificial Intelligence Laboratory | 1558 | 14 | 35
vladimir@cs.rutgers.edu | Vladimir Pavlovic | Deptartment of Computer Science
Rutgers University | 7013 | 32 | 248
vnk@ist.ac.at | Vladimir Kolmogorov | Institute of Science and Technology (IST),Austria | 34964 | 48 | 144
volkan.cevher@epfl.ch | Andreas Krause | ETH Zurich | 15219 | 61 | 161
volker.roth@unibas.ch | Volker Roth | University of Basel | 2465 | 22 | 48
volker.tresp@siemens.com | Volker Tresp | Ludwig Maximilian University of Munich | 9001 | 51 | 275
wangliwei.pku@gmail.com | L. Wang | Institute of High Energy Physics | 74654 | 118 | 2677
werner@cmp.felk.cvut.cz | Tomas Werner | Center for Machine Perception,Czech | 890 | 10 | 20
willett@duke.edu | Rebecca Willet |  | 29 | 1 | 1
william.uther@nicta.com.au | William Uther | University of New South Wales | 846 | 14 | 22
wkazuho@is.naist.jp | Kazuho Watanabe | Department of Computational Intelligence and Systems Science, Tokyo Institute of Technology, Yokohama, Japan | 207 | 8 | 31
wkienzle@microsoft.com | Wolf Kienzle | Microsoft Research | 890 | 11 | 20
wliu@ee.columbia.edu | Wei Liu | Computer Science Department, University of Missouri, Columbia, 65211, USA | 30 | 3 | 3
wolf@cs.tau.ac.il | Lior Wolf | The Blavatnik School of Computer Science at Tel Aviv University | 14711 | 48 | 214
wotao.yin@rice.edu | Wotao Yin |  Department of Mathematics,Institute of Natural Sciences and MOE-LSC,Shanghai Jiaotong University,Shanghai , China Department of Computational and Applied Mathematics,Rice University,Houston 77005,TX,USA Academy of Mathematics and Systems Science, Chinese Academy of Sciences,Beijing ,China | 5 | 1 | 1
wray.buntine@nicta.com.au | Wray Buntine | Monash University | 11898 | 40 | 217
xiaofeng.ren@intel.com | Xiaofeng Ren |  | 9466 | 48 | 331
xiaohe@microsoft.com | Xiaodong He | University of Washington | 13595 | 48 | 171
xinhua.zhang.cs@gmail.com | Xinhua Zhang | Department of Computer Science,University of Illinois at Chicago | 734 | 14 | 68
xjliao@ee.duke.edu | Xuejun Liao | Duke University | 2663 | 25 | 103
xmyuan@hkbu.edu.hk | Xiaoming Yuan | Department of Mathematics,Faculty of Science,Hong Kong Baptist University | 4908 | 33 | 148
xpitkow@bcs.rochester.edu | Xaq Pitkow | Department of Statistics|Center for Theoretical Neuroscience|Columbia University | 113 | 4 | 15
xshen@stat.umn.edu | Shen Xiaotong | School of Statistics, University of Minnesota Minneapolis, MN, USA. | 2 | 1 | 1
yael@princeton.edu | Niv Yael | 1] Princeton Neuroscience Institute, Princeton University, Princeton, New Jersey 08544, USA [2] Psychology Department, Princeton University, Princeton, New Jersey 08544, USA. | 9 | 1 | 1
yamada@sg.cs.titech.ac.jp | Makoto Yamada | Institute for Chemical Research, Kyoto University | 2654 | 24 | 647
yan.karklin@nyu.edu | Yan Karklin | Computer Science Department and Center for the Neural Basis of Cognition, Carnegie Mellon University, Pittsburgh, PA 15213, U.S.A. | 618 | 7 | 13
yanai@cs.uec.ac.jp | Keiji Yanai | The University of Electro-Communications, Tokyo, Japan | 1730 | 21 | 128
yang.liu@utdallas.edu | Yang Liu | University of Texas at Dallas,Computer Science | 2147 | 29 | 108
yaoa@vision.ee.ethz.ch | Angela Yao | ETH Zurich, Switzerland | 1147 | 10 | 13
yaoliang@ualberta.ca | Yaoliang Yu | David R. Cheriton School of Computer Science, University of Waterloo | 1484 | 17 | 55
yisongyue@cmu.edu | Yisong Yue | California Institute of Technology | 2585 | 24 | 63
ylan@cs.nyu.edu |  |  |  |  | 
ylin@sv.nec-labs.com | Yuanqing Lin | Aibee | 3959 | 31 | 114
ymkw@jp.fujitsu.com | Hiroshi Yamakawa |  | 292 | 2 | 4
yosephb@mail.med.upenn.edu | Yoseph Barash | University of Toronto | 2333 | 11 | 21
yoshihiro.yamanishi@mines-paristech.fr | Yoshihiro Yamanishi | Kyoto University - Institute for Chemical Research Bioinformatics Center | 5935 | 26 | 92
yoshua.bengio@umontreal.ca | Yoshua Bengio | Département d’informatique et de recherche opérationnelle, Université de Montréal | 173211 | 138 | 696
yu.fujimoto@it.aoyama.ac.jp | Yu Fujimoto | Okinawa Prefectural Deep Sea Water Research Center, Shimajiri, Okinawa 500-1, Japan | 62 | 5 | 20
yunjiang@cs.cornell.edu | Yun Jiang | Department of Computer Science at Cornell University | 97 | 2 | 2
yves.grandvalet@utc.fr | Yves Grandvalet | Université de Technologie de Compiègne | 3950 | 25 | 102
yweiss@cs.huji.ac.il | Yair Weiss | School of Computer Science and EngineeringHebrew,University of Jerusalem | 37117 | 68 | 159
zaid.harchaoui@gmail.com | Zaid Harchaoui | University of Washington,Department of Statistics | 2799 | 20 | 36
zeiler@cs.nyu.edu |  |  |  |  | 
zhouxy@cs.uchicago.edu |  |  |  |  | 
zhouzh@nju.edu.cn | Zhihua Zhou | Department of Computer Science and Technology, Nanjing University/Nanjing University Software institute/School of Artificial Intelligence, Nanjing University | 41370 | 102 | 572
zickler@eecs.harvard.edu | Todd Zickler | School of Engineering & Applied Sciences, Harvard University | 4227 | 37 | 97
zsh@sv.nec-labs.com | Shenghuo Zhu | aibee | 7996 | 45 | 188
zw2109@sjtu.edu.cn | Zaiwen Wen | Beijing International Center for Mathematical Research,Peking University | 2593 | 22 | 69
